car_id,source_type,data_role,listing_id,source_url,car_name,title_full,price_chf,registration,age_years,fuel_type,mileage_km,power_ps,transmission,consumption_raw,drive_type,body_type,intended_category,condition_text,original_price_chf,mfk_included,accident_damage,warranty,warranty_text,seller_name,optional_equipment_count,standard_equipment_count,service_keyword_count,image_path,duplicate_adjustment_note,price_score,mileage_score,age_score,condition_score,service_history_score,accident_risk_score,seller_trust_score,value_for_money_indicator,confidence_score,recommendation_score,budget_mode_score,reliability_mode_score,recommendation_label
R01,real_autoscout24,real_market_sample,20494458,https://www.autoscout24.ch/en/d/20494458,BMW 420d xDrive 48V Grand Coupé M-Sport 4x4 FACELIFT,"BMW 420d xDrive 48V Grand Coupé M-Sport 4x4 FACELIFT Fahrzeug mit Werksgarantie, Gratisservice, FACELIFT, Driving Assistant Professional, Parking Assistant Plus, Glasdach, elektrisch",44900.0,04/2025,1.08,Mild hybrid (diesel/electric),17499.0,190.0,Automatic,-,All-wheel (4x4),Sedan,Sedan,Used,89000.0,Yes,No,Yes,"From 1st registration, 24 months or 100'000 km BMW Werksgarantie Quality1",I.B.A. Automobile AG,14,68,14,images/1.webp,,7.95,8.45,8.74,9.82,9.8,1.2,9.5,8.16,10.0,89.8,87.3,91.8,Strongly Recommend
R02,real_autoscout24,real_market_sample,20492235,https://www.autoscout24.ch/en/d/20492235,BMW 430i xDrive Gran Coupé M Sport LCI / Panorama-Schiebedach / Head-Up Display,BMW 430i xDrive Gran Coupé M Sport LCI / Panorama-Schiebedach / Head-Up Display Ab 699.- CHF pro Monat ohne Anzahlung / M Sport / LCI / Panorama- Schiebedach / Head-Up Display /,48480.0,12/2024,1.42,Petrol,19500.0,245.0,Automatic,7.2 l/100 km,All-wheel (4x4),Sedan,Sedan,Used,90520.0,Yes,No,Yes,"From 1st registration, 36 months or 100'000 km Leistungsstarke Fahrzeuggarantien Schutz vor hohen Reparaturkosten",Carmotion AG,28,53,15,images/2.webp,,7.35,8.27,8.32,9.99,9.8,1.2,9.1,7.89,10.0,87.7,84.5,90.4,Strongly Recommend
R03,real_autoscout24,real_market_sample,20494209,https://www.autoscout24.ch/en/d/20494209,MERCEDES-BENZ CLA 35 AMG 4matic / Facelift / Ambiente-Beleuchtung / Navi,MERCEDES-BENZ CLA 35 AMG 4matic / Facelift / Ambiente-Beleuchtung / Navi Ab 689.- CHF pro Monat ohne Anzahlung / Facelift / Ambiente-Beleuchtung / Navi / Rückfahrkamera,45890.0,01/2024,2.33,Petrol,49000.0,306.0,Automated manual (AMT),8.2 l/100 km,All-wheel (4x4),Sedan,Sedan,Used,77289.0,Yes,No,Yes,"From 1st registration, 36 months or 100'000 km Leistungsstarke Fahrzeuggarantien Schutz vor hohen Reparaturkosten",Carmotion AG,10,48,10,images/3.webp,,7.79,5.65,7.21,9.28,9.63,1.2,9.1,7.2,10.0,81.4,78.6,84.5,Strongly Recommend
R04,real_autoscout24,real_market_sample,20492991,https://www.autoscout24.ch/en/d/20492991,BMW 740d xDrive M Sport / Theatre Screen / Bowers&Wilkins / Iconic Glow,BMW 740d xDrive M Sport / Theatre Screen / Bowers&Wilkins / Iconic Glow Ab 1199.- CHF Pro Monat ohne Anzahlung / Theatre Screen / Bowers&Wilkins / Iconic Glow / HeadUp Display / Sky Lounge,94890.0,09/2024,1.67,Diesel,29900.0,286.0,Automatic,6.1 l/100 km,All-wheel (4x4),Sedan,Sedan,Used,178010.0,Yes,No,Yes,"From 1st registration, 36 months or 100'000 km Leistungsstarke Fahrzeuggarantien Schutz vor hohen Reparaturkosten",Carmotion AG,34,51,17,images/4.webp,,0.0,7.35,8.02,9.89,9.8,1.2,9.1,5.48,10.0,72.5,60.2,82.9,Recommend
R05,real_autoscout24,real_market_sample,20484337,https://www.autoscout24.ch/en/d/20484337,BMW 420d xDrive 48V Grand Coupé M-Sport 4x4 FACELIFT,"BMW 420d xDrive 48V Grand Coupé M-Sport 4x4 FACELIFT Fahrzeug mit Werksgarantie, Gratisservice, FACELIFT, Driving Assistant Professional, Parking Assistant Plus, Glasdach, elektrisch",47400.0,04/2025,1.58,Mild hybrid (diesel/electric),17499.0,190.0,Automatic,-,All-wheel (4x4),Sedan,Sedan,Used,89000.0,Yes,No,Yes,"From 1st registration, 24 months or 100'000 km BMW Werksgarantie Quality1",I.B.A. Automobile AG,12,68,14,images/5.webp,semi-synthetic variant of similar listing; price adjusted by 2500 CHF and age slightly adjusted,7.53,8.45,8.13,9.72,9.8,1.2,9.5,7.88,10.0,88.0,85.3,90.6,Strongly Recommend
R06,real_autoscout24,real_market_sample,20492692,https://www.autoscout24.ch/en/d/20492692,"MITSUBISHI Lancer 2.0 T MIVEC EVO Final E "" Fahrwerk und Felgen sind eingetragen""","MITSUBISHI Lancer 2.0 T MIVEC EVO Final E "" Fahrwerk und Felgen sind eingetragen""",39800.0,04/2015,11.08,Petrol,122620.0,295.0,Manual transmission,10.5 l/100 km,All-wheel (4x4),Sedan,Sedan,Used,39999.0,Yes,No,Yes,"From delivery, 12 months AGVS Garantie Quality1",Altenburg-Garage AG,0,27,10,images/6.webp,,8.81,0.0,0.0,7.7,9.03,1.79,9.5,4.58,10.0,61.0,60.6,65.3,Recommend
R07,real_autoscout24,real_market_sample,20494451,https://www.autoscout24.ch/en/d/20494451,"BMW i7 xDrive 60 (CH) Individual CH Fahrzeug mit Garantie und Gratisservice, Innovationspaket, Klima-Akustik","BMW i7 xDrive 60 (CH) Individual CH Fahrzeug mit Garantie und Gratisservice, Innovationspaket, Klima-Akustik Paket, Sky Lounge, Executive Drive Pro,",66900.0,05/2023,3.0,Electric,63900.0,544.0,Automatic,570 km,All-wheel (4x4),Sedan,Sedan,Used,201930.0,Yes,No,Yes,"From 1st registration, 48 months or 200'000 km BMW Werksgarantie. Quality1",I.B.A. Automobile AG,24,79,19,images/7.webp,,4.26,4.33,6.39,9.28,9.8,1.2,9.5,6.21,10.0,72.6,65.1,80.1,Recommend
R08,real_autoscout24,real_market_sample,20493379,https://www.autoscout24.ch/en/d/20493379,HYUNDAI Ioniq 6 77kWh Plus Line 325PS 4WD Automat,HYUNDAI Ioniq 6 77kWh Plus Line 325PS 4WD Automat Limousine mit 325 PS! Allrad! Bis zu 583km Reichweite!,34500.0,12/2025,0.42,Electric,25.0,325.0,Automatic transmission,583 km,All-wheel (4x4),Sedan,Sedan,New vehicle with,72750.0,Yes,No,Yes,"From 1st registration, 60 months or 100'000 km fortlaufende 5 Jahre Werksgarantie Description",Autopedia,1,114,12,images/8.webp,,9.7,10.0,9.55,10.0,10.0,1.2,9.1,9.13,10.0,96.7,96.5,96.3,Strongly Recommend
R09,real_autoscout24,real_market_sample,20485157,https://www.autoscout24.ch/en/d/20485157,BMW 330i xDrive M Sport SAG / LCI / 360°Kamera / HeadUp,BMW 330i xDrive M Sport SAG / LCI / 360°Kamera / HeadUp Ab 699.- CHF pro Monat ohne Anzahlung / LCI / 360°Kamera / HeadUp / Ambientebeleuchtung / 3Zonen-Klima /,46890.0,07/2025,0.83,Petrol,25500.0,245.0,Automatic,7 l/100 km,All-wheel (4x4),Sedan,Sedan,Used,84100.0,Yes,No,Yes,"From 1st registration, 36 months or 100'000 km Leistungsstarke Fahrzeuggarantien Schutz vor hohen Reparaturkosten",Carmotion AG,30,53,14,images/9.webp,,7.62,7.74,9.05,10.0,9.8,1.2,9.1,7.97,10.0,88.3,85.0,90.9,Strongly Recommend
R10,real_autoscout24,real_market_sample,20480611,https://www.autoscout24.ch/en/d/20480611,"BMW M3 Competition M xDrive FACELIFT 4x4 Fahrzeug mit Werksgarantie, Gratisservice, Innovationspaket, Aktive","BMW M3 Competition M xDrive FACELIFT 4x4 Fahrzeug mit Werksgarantie, Gratisservice, Innovationspaket, Aktive Sitzbelüftung vorn, Driving Assistant Professional",89900.0,08/2025,0.75,Petrol,5999.0,530.0,Automated manual (AMT),-,All-wheel (4x4),Sedan,Sedan,Used,150000.0,Yes,No,Yes,"From 1st registration, 24 months or 100'000 km BMW Werksgarantie Quality1",I.B.A. Automobile AG,19,100,18,images/10.webp,,0.4,9.47,9.14,10.0,9.8,1.2,9.5,6.01,10.0,78.6,67.2,87.9,Strongly Recommend
R11,real_autoscout24,real_market_sample,20480610,https://www.autoscout24.ch/en/d/20480610,"BMW M3 Competition M xDrive FACELIFT 4x4 Fahrzeug mit Werksgarantie, Gratisservice, Innovationspaket, Aktive","BMW M3 Competition M xDrive FACELIFT 4x4 Fahrzeug mit Werksgarantie, Gratisservice, Innovationspaket, Aktive Sitzbelüftung vorn, Driving Assistant Professional",89900.0,08/2025,0.75,Petrol,5010.0,530.0,Automated manual (AMT),-,All-wheel (4x4),Sedan,Sedan,Used,150000.0,Yes,No,Yes,"From 1st registration, 36 months or 200'000 km BMW Werksgarantie Quality1",I.B.A. Automobile AG,20,100,18,images/11.webp,,0.4,9.56,9.14,10.0,9.8,1.2,9.5,6.03,10.0,78.8,67.4,88.0,Strongly Recommend
R12,real_autoscout24,real_market_sample,20481741,https://www.autoscout24.ch/en/d/20481741,BMW M440i xDrive Gran Coupé M Sport Pro / LCI / Glasdach / 360°Kamera / HeadUp,BMW M440i xDrive Gran Coupé M Sport Pro / LCI / Glasdach / 360°Kamera / HeadUp Ab 980.- CHF pro Monat ohne Anzahlung / LCI / 360°Kamera / Harman/Kardon / Glasdach / el.Sitze / el. Heckklappe,64780.0,12/2024,1.42,Petrol,9900.0,374.0,Automatic,8.3 l/100 km,All-wheel (4x4),Sedan,Sedan,Used,102630.0,Yes,No,Yes,"From 1st registration, 36 months or 100'000 km Leistungsstarke Fahrzeuggarantien Schutz vor hohen Reparaturkosten",Carmotion AG,18,63,14,images/12.webp,,4.62,9.12,8.32,9.92,9.8,1.2,9.1,7.04,10.0,84.1,78.0,89.1,Strongly Recommend
R13,real_autoscout24,real_market_sample,20490069,https://www.autoscout24.ch/en/d/20490069,MERCEDES-BENZ C 63 S AMG Speedshift / KW / Panorama / Burmester,"MERCEDES-BENZ C 63 S AMG Speedshift / KW / Panorama / Burmester Perfekt gepflegtes Fahrzeug, Gute Ausstattung, Leasing ab 549.- im Monat ohne Anzahlung, AMG Performance Abgasanlage, Panoramadach, Ambientebeleuchtung, Fahrassistenz Plus, Keyless-Go, Sitzheizung vorne, KW Tieferlegung eingetragen, Pack AMG Driver, uvm.",38890.0,01/2018,8.33,Petrol,108000.0,510.0,Automated manual (AMT),8.4 l/100 km,Rear-wheel drive,Sedan,Sedan,Used,121920.0,Yes,No,Yes,"From delivery, 12 months Description Sehr geehrte Damen und Herren,",SM Automobilzentrum,28,40,8,images/13.webp,,8.96,0.41,0.0,8.21,8.87,1.26,9.1,5.82,10.0,62.8,62.5,66.8,Recommend
R14,real_autoscout24,real_market_sample,20483103,https://www.autoscout24.ch/en/d/20483103,AUDI RS7 SPORTBACK 4.0 TFSI QUATTRO *** KERAMIK BREMSEN ***,"AUDI RS7 SPORTBACK 4.0 TFSI QUATTRO *** KERAMIK BREMSEN *** ***PANORAMAGLASDACH // SPORTSITZE VORN // SONOS-SOUNDANLAGE // RS-SPORTAUSTATTUNG // RS-DYNAMIKPAKET PLUS // ASSISTENZPAKET PLUS // RS-KERAMIKBREMSANLAGE // ""KEYLESS ENTRY"" // ANDROID & APPLE CAR PLAY!!!***",97900.0,08/2023,2.75,-,19900.0,600.0,Automatic,-,All-wheel (4x4),Sedan,Sedan,Used,,Yes,No,Yes,"From delivery, 12 months Schutz vor hohen Reparaturkosten im Schadenfall",*** GARAGE REUSSER AG ***,76,83,8,images/14.webp,,0.0,8.23,6.69,9.84,8.87,1.2,9.1,4.7,9.58,70.7,59.7,80.4,Recommend
R15,real_autoscout24,real_market_sample,20475977,https://www.autoscout24.ch/en/d/20475977,POLESTAR 4 Long Range Dual Motor,POLESTAR 4 Long Range Dual Motor,50886.0,12/2024,1.42,Electric,12300.0,543.0,Automated manual (AMT),590 km,All-wheel (4x4),Sedan,Sedan,Used,80450.0,Yes,No,Yes,"From 1st registration, 60 months Werksgarantie Unfortunately, equipment details are not currently available in your language. Try using your browser’s translate feature while we work on an update.",Stierli Autocenter AG,19,56,9,images/15.webp,,6.95,8.91,8.32,9.91,9.55,1.2,9.1,7.7,10.0,87.5,84.3,90.2,Strongly Recommend
R16,real_autoscout24,real_market_sample,20487539,https://www.autoscout24.ch/en/d/20487539,LAND ROVER Evoque P 270e Dynamic SE Black Pack 4x4 5 Jahre Werksgarantie,"LAND ROVER Evoque P 270e Dynamic SE Black Pack 4x4 5 Jahre Werksgarantie Fahrzeug mit Werksgarantie, Black Pack, Winter Paket, Panorama Glasschiebedach, 20 Zoll Räder, Dunkel getönte Scheiben,",59900.0,New,0.05,Plug-in hybrid (petrol/electric),999.0,270.0,Automatic,-,All-wheel (4x4),SUV / Off-road,SUV,New,85900.0,Yes,No,Yes,"From 1st registration, 60 months or 150'000 km Range Rover Werksgarantie Quality1",I.B.A. Automobile AG,21,71,12,images/16.webp,,5.44,9.91,10.0,10.0,10.0,1.2,9.5,7.57,10.0,89.8,84.3,93.9,Strongly Recommend
R17,real_autoscout24,real_market_sample,20487821,https://www.autoscout24.ch/en/d/20487821,SKODA Karoq Sportline 4x4 *** PANORAMADACH & VIELES MEHR !!! ***,SKODA Karoq Sportline 4x4 *** PANORAMADACH & VIELES MEHR !!! *** AUSPARK- UND SIDE ASSIST / ELEKTR. HECKKLAPPE MIT VIRTUAL PEDAL / NAVI / ACC / VORBEREITUNG ANHÄNGERKUPPLUNG / TRAVEL ASSIST / VAR. LADEBODEN / APP CONNECT / SITZ- UND LENKRADHEIZUNG / UVM...!!!,36200.0,05/2025,1.0,Petrol,22500.0,190.0,Automatic,8.5 l/100 km,All-wheel (4x4),SUV / Off-road,SUV,Used,,Yes,No,Yes,"From 1st registration, 24 months Schutz vor hohen Reparaturkosten im Schadenfall",*** GARAGE REUSSER AG ***,32,107,7,images/17.webp,,9.41,8.0,8.84,10.0,8.78,1.2,9.1,9.26,10.0,90.2,89.7,90.4,Strongly Recommend
R18,real_autoscout24,real_market_sample,20487008,https://www.autoscout24.ch/en/d/20487008,SKODA Karoq Sportline 4x4 *** 360° Kamera & Anhängerkupplung ***,SKODA Karoq Sportline 4x4 *** 360° Kamera & Anhängerkupplung *** Ledersitze elektrisch verstellbar mit Memoryfunktion / Travel Assist / Parking Paket Plus / elektr. Heckklappe mit Virtual Pedal / Sitzheizung vo. und hi. / App Connect / Navi / Var. Ladeboden / uvm...!!!,37400.0,06/2025,0.92,Petrol,19900.0,190.0,Automatic,7.8 l/100 km,All-wheel (4x4),SUV / Off-road,SUV,Used,,Yes,No,Yes,"From 1st registration, 24 months Schutz vor hohen Reparaturkosten im Schadenfall",*** GARAGE REUSSER AG ***,41,100,7,images/18.webp,,9.21,8.23,8.93,10.0,8.78,1.2,9.1,9.22,10.0,90.3,89.6,90.6,Strongly Recommend
R19,real_autoscout24,real_market_sample,20494462,https://www.autoscout24.ch/en/d/20494462,"BMW XM xDrive PHEV (CH) INDIVIDUAL CH-Fahrzeug mit Werksgarantie & Gratisservice, AHK, Driving Assistant","BMW XM xDrive PHEV (CH) INDIVIDUAL CH-Fahrzeug mit Werksgarantie & Gratisservice, AHK, Driving Assistant Professional, BMW Individual Leder, Bowers & Wilkins Diamond",86900.0,04/2023,3.08,Plug-in hybrid (petrol/electric),50299.0,653.0,Automatic,-,All-wheel (4x4),SUV / Off-road,SUV,Used,202900.0,Yes,No,Yes,"From 1st registration, 48 months or 200'000 km BMW Werksgarantie. Gratisservice 10 Jahre / 100'000km Quality1",I.B.A. Automobile AG,11,97,18,images/19.webp,,0.91,5.53,6.29,9.18,9.8,1.2,9.5,5.2,10.0,68.1,57.2,78.5,Recommend
R20,real_autoscout24,real_market_sample,20494453,https://www.autoscout24.ch/en/d/20494453,BMW X5 xDrive 50e M Sport Pro (CH) INDIVIDUAL,"BMW X5 xDrive 50e M Sport Pro (CH) INDIVIDUAL CH-Fahrzeug mit Werksgarantie & Gratisservice, AHK, Innovationspaket, Driving Assistant Professional, Bowers & Wilkins",72900.0,07/2023,2.83,Plug-in hybrid (petrol/electric),36499.0,489.0,Automatic,-,All-wheel (4x4),SUV / Off-road,SUV,Used,161900.0,Yes,No,Yes,"From 1st registration, 48 months or 200'000 km BMW Werksgarantie. Quality1",I.B.A. Automobile AG,50,87,24,images/20.webp,,3.26,6.76,6.6,9.67,9.8,1.2,9.5,6.22,10.0,75.6,67.5,83.2,Strongly Recommend
R21,real_autoscout24,real_market_sample,20487912,https://www.autoscout24.ch/en/d/20487912,SKODA Elroq RS LOUNGE 4X4 *** ANHÄNGEKUPPLUNG - WÄRMEPUMPE & MAXX,SKODA Elroq RS LOUNGE 4X4 *** ANHÄNGEKUPPLUNG - WÄRMEPUMPE & MAXX AUSSTATTUNGSPAKET *** 4 JAHRE SKODA HERSTELLERGARANTIE,43900.0,05/2026,0.05,Electric,20.0,340.0,Automatic,-,All-wheel (4x4),SUV / Off-road,SUV,Used,,Yes,No,Yes,"From 1st registration, 48 months Schutz vor hohen Reparaturkosten im Schadenfall",*** GARAGE REUSSER AG ***,13,142,8,images/21.webp,,8.12,10.0,10.0,10.0,9.47,1.2,9.1,9.15,10.0,93.6,91.7,94.5,Strongly Recommend
R22,real_autoscout24,real_market_sample,20492236,https://www.autoscout24.ch/en/d/20492236,MERCEDES-BENZ GLC 200 AMG Line 4matic Coupé / Panorama-Schiebedach /,MERCEDES-BENZ GLC 200 AMG Line 4matic Coupé / Panorama-Schiebedach / Rückfahrkamera / AHK Ab 799.- CHF pro Monat ohne Anzahlung / AMG-Line / Panorama-Schiebedach / Rückfahrkamera / El. schwenkbare Anhängerkupplung,54890.0,09/2023,2.67,Petrol,19600.0,204.0,Automatic,7 l/100 km,All-wheel (4x4),SUV / Off-road,SUV,Used,87851.0,Yes,No,Yes,"From 1st registration, 36 months or 100'000 km Leistungsstarke Fahrzeuggarantien Schutz vor hohen Reparaturkosten",Carmotion AG,14,77,12,images/22.webp,,6.28,8.26,6.79,9.59,9.8,1.2,9.1,7.1,10.0,83.1,79.4,86.9,Strongly Recommend
R23,real_autoscout24,real_market_sample,20491468,https://www.autoscout24.ch/en/d/20491468,BMW X5 30d xDrive M-SPORT * 7 SITZER * 22 ZOLL ALUFELGEN *,BMW X5 30d xDrive M-SPORT * 7 SITZER * 22 ZOLL ALUFELGEN * 7 SITZER * ANAHENGEKUPPLUNG * 22 ZOLL ALUFELGEN * 8 FACH BEREIFT * MEMORY * KAMERAS * BELUEFTETE SITZE * HEAD-UP * LENKRADHEIZUNG *,49900.0,03/2020,6.17,Diesel,91700.0,265.0,Automatic,8.6 l/100 km,All-wheel (4x4),SUV / Off-road,SUV,Used,139460.0,Yes,No,Yes,"From delivery, 24 months or 40'000 km Schutz vor hohen Reparaturkosten im Schadenfall",Autostelz AG,73,59,12,images/23.webp,,7.11,1.86,2.51,8.68,9.2,1.2,9.1,5.92,10.0,66.4,63.3,71.8,Recommend
R24,real_autoscout24,real_market_sample,20489842,https://www.autoscout24.ch/en/d/20489842,LAND ROVER RR Sport P635 Edition TWO Carbon,"LAND ROVER RR Sport P635 Edition TWO Carbon Fahrzeug mit Werksgarantie, Carbon Edition, 23 Zoll Carbon LM, AHK, Panorama-Glasschiebedach, Klima-Paket",169900.0,01/2025,1.33,Petrol,14600.0,635.0,Automatic,-,All-wheel (4x4),SUV / Off-road,SUV,Used,250000.0,Yes,No,Yes,"From 1st registration, 60 months or 100'000 km Range Rover Werksgarantie Quality1",I.B.A. Automobile AG,25,98,11,images/24.webp,,0.0,8.7,8.43,10.0,9.72,1.2,9.5,5.55,10.0,75.6,63.7,85.6,Strongly Recommend
R25,real_autoscout24,real_market_sample,20494464,https://www.autoscout24.ch/en/d/20494464,BMW X1 sDrive 20i 48V M Sport INNOVATIONSPAKET,"BMW X1 sDrive 20i 48V M Sport INNOVATIONSPAKET Fahrzeug mit Werksgarantie, Driving Assistant Plus, BMW Head-Up Display, BMW Live Cockpit Professional, Komfortzugang",39900.0,04/2025,1.08,Mild hybrid (petrol/electric),15499.0,156.0,Automated manual (AMT),-,Front-wheel drive,SUV / Off-road,SUV,Used,67320.0,Yes,No,Yes,"From 1st registration, 24 months or 100'000 km BMW Werksgarantie Quality1",I.B.A. Automobile AG,14,75,12,images/25.webp,,8.79,8.62,8.74,9.84,9.8,1.2,9.5,8.31,10.0,91.6,90.2,92.8,Strongly Recommend
R26,real_autoscout24,real_market_sample,20494461,https://www.autoscout24.ch/en/d/20494461,BMW X3 xDrive 48V 20d M Sport 4x4 Panoramadach / Driving Assistant & Parking,"BMW X3 xDrive 48V 20d M Sport 4x4 Panoramadach / Driving Assistant & Parking Assistant Plus Fahrzeug mit Werksgarantie, Panorama-Glasdach, Driving Assistant & Parking Assistant Plus, Innovationspaket",53900.0,06/2025,0.92,Mild hybrid (diesel/electric),13115.0,197.0,Automatic,-,All-wheel (4x4),SUV / Off-road,SUV,Used,86900.0,Yes,No,Yes,"From 1st registration, 24 months or 100'000 km BMW Werksgarantie Quality1",I.B.A. Automobile AG,16,62,11,images/26.webp,,6.44,8.84,8.93,9.92,9.72,1.2,9.5,7.65,10.0,88.0,83.7,91.4,Strongly Recommend
R27,real_autoscout24,real_market_sample,20494459,https://www.autoscout24.ch/en/d/20494459,BMW X2 sDrive 20i 48V M Sport Head Up Display,"BMW X2 sDrive 20i 48V M Sport Head Up Display Fahrzeug mit Werksgarantie, Driving Assistant & Parking Assistant Plus, BMW Head-Up Display, Innovationspaket,",42900.0,04/2025,1.08,Mild hybrid (petrol/electric),17100.0,170.0,Automatic,-,Front-wheel drive,SUV / Off-road,SUV,Used,70399.0,Yes,No,Yes,"From 1st registration, 24 months or 100'000 km BMW Werksgarantie Quality1",I.B.A. Automobile AG,30,73,11,images/27.webp,,8.29,8.48,8.74,10.0,9.72,1.2,9.5,8.16,10.0,90.6,88.4,92.4,Strongly Recommend
R28,real_autoscout24,real_market_sample,20494456,https://www.autoscout24.ch/en/d/20494456,"BMW X4 xDrive 48V 20d M Sport 4x4 Fahrzeug mit Werksgarantie, M-Sport Paket, Parking Assistant Plus, Ambientes","BMW X4 xDrive 48V 20d M Sport 4x4 Fahrzeug mit Werksgarantie, M-Sport Paket, Parking Assistant Plus, Ambientes Licht, Sitzheizung für Fahrer und Beifahrer",49900.0,03/2025,1.17,Mild hybrid (diesel/electric),19999.0,190.0,Automatic,-,All-wheel (4x4),SUV / Off-road,SUV,Used,77900.0,Yes,No,Yes,"From 1st registration, 24 months or 100'000 km BMW Werksgarantie Quality1",I.B.A. Automobile AG,12,92,12,images/28.webp,,7.11,8.23,8.63,9.75,9.8,1.2,9.5,7.64,10.0,87.6,84.1,90.6,Strongly Recommend
R29,real_autoscout24,real_market_sample,20494450,https://www.autoscout24.ch/en/d/20494450,BMW X7 xDrive 48V 40i M Sport Pro (CH) INDIVIDUAL,"BMW X7 xDrive 48V 40i M Sport Pro (CH) INDIVIDUAL CH-Fahrzeug mit Werksgarantie & Gratisservice, Komfortpaket, Parking Assistant Professional, 22 Zoll LM Räder, Integral-Aktivlenkung",93900.0,06/2025,0.92,Mild hybrid (petrol/electric),7900.0,380.0,Automatic,-,All-wheel (4x4),SUV / Off-road,SUV,Used,145900.0,Yes,No,Yes,"From 1st registration, 48 months or 200'000 km BMW Werksgarantie. Gratisservice 10 Jahre / 100'000km. Quality1",I.B.A. Automobile AG,16,96,18,images/29.webp,,0.0,9.3,8.93,9.97,9.8,1.2,9.5,5.76,10.0,77.3,65.5,87.0,Strongly Recommend
R30,real_autoscout24,real_market_sample,20490803,https://www.autoscout24.ch/en/d/20490803,"CUPRA Ateca 2.0TSI 4Drive DSG "" Aus erster Hand"" AHK"" Top ausgestattet"" 3.9% Leasing""","CUPRA Ateca 2.0TSI 4Drive DSG "" Aus erster Hand"" AHK"" Top ausgestattet"" 3.9% Leasing""",29900.0,08/2022,3.75,Petrol,61500.0,300.0,Automated manual (AMT),9.7 l/100 km,All-wheel (4x4),SUV / Off-road,SUV,Used,61250.0,Yes,No,Yes,"From 1st registration, 60 months or 100'000 km 60 Monate Neuwagengarantie ab Datum der 1. Immatrikulation CUPRA Approved",Altenburg-Garage AG,3,124,12,images/30.webp,,10.0,4.54,5.47,8.85,9.8,1.2,9.1,7.48,10.0,80.9,81.0,82.4,Strongly Recommend
R31,real_autoscout24,real_market_sample,20489039,https://www.autoscout24.ch/en/d/20489039,FORD Ranger Limited 2.0 Eco Blue 4x4 Automat,"FORD Ranger Limited 2.0 Eco Blue 4x4 Automat 1 Hand, ab Mfk, AHK 3500 kg, alle Service ausgeführt, letzte Service bei 62.000 km. BITTE MELDEN SIE SICH TELEFONISCH FÜR EINE BESICHTIGUNG AN, DA WIR ZWEI AUSSTELLUNGSPLÄTZE HABEN.",39800.0,07/2023,2.83,Diesel,66000.0,170.0,Automatic,9.4 l/100 km,All-wheel (4x4),Pick-up,Pickup,Used,57910.0,Yes,No,Yes,"From 1st registration, 60 months or 100'000 km Senn AG in Döttingen alle Mfk Termine und Service für uns durch.",Auto Ehrendingen gmbh,32,124,19,images/31.webp,,8.81,4.14,6.6,9.38,9.8,1.2,9.1,7.07,10.0,80.5,78.3,83.4,Strongly Recommend
R32,real_autoscout24,real_market_sample,20416288,https://www.autoscout24.ch/en/d/20416288,FORD Ranger Raptor 3.0 Eco Boost 4x4 A CH Neuwagen mit Tageszulassung,FORD Ranger Raptor 3.0 Eco Boost 4x4 A CH Neuwagen mit Tageszulassung,66900.0,12/2025,0.42,Petrol,100.0,292.0,Automatic,-,All-wheel (4x4),Pick-up,Pickup,New vehicle with,76500.0,Yes,No,Yes,"From 1st registration, 36 months or 100'000 km Quality1 Leistungsstarke Fahrzeuggarantien",SCHMID AUTOMOBILE,19,165,10,images/32.webp,,4.26,9.99,9.55,10.0,10.0,1.2,9.5,6.9,10.0,87.2,80.5,92.5,Strongly Recommend
R33,real_autoscout24,real_market_sample,12870377,https://www.autoscout24.ch/en/d/12870377,VW Amarok 3.0TDI Aventura Winter 1 3.5T Anhängelast - Top Ausstattung,VW Amarok 3.0TDI Aventura Winter 1 3.5T Anhängelast - Top Ausstattung,50900.0,11/2024,1.5,Diesel,20200.0,240.0,Automatic,-,All-wheel (4x4),Pick-up,Pickup,Used,77421.0,Yes,No,Yes,"From 1st registration, 24 months Original Volkswagen Werksgarantie nicht alle Fahrzeuge auf dem Hof",meinjahreswagen.ch,1,144,12,images/33.webp,,6.95,8.21,8.22,9.52,9.2,1.2,9.1,7.44,10.0,85.1,82.0,87.8,Strongly Recommend
R34,real_autoscout24,real_market_sample,20446597,https://www.autoscout24.ch/en/d/20446597,NISSAN Navara Double Cab N-Connecta 2.3 dCi 4WD Automatic,NISSAN Navara Double Cab N-Connecta 2.3 dCi 4WD Automatic,21990.0,03/2018,8.17,Diesel,114363.0,190.0,Automatic,6.9 l/100 km,All-wheel (4x4),Pick-up,Pickup,Used,45195.0,Yes,No,Yes,"From delivery, 12 months or 10'000 km Vous bénéficiez d'une garantie de 12 mois ou 10000 km sur la boîte vitesse et le moteur !",A-U-AUTOMOBIL,2,60,10,images/34.webp,,10.0,0.0,0.06,7.74,9.63,1.23,9.1,5.71,10.0,64.4,65.2,67.8,Recommend
R35,real_autoscout24,real_market_sample,20416039,https://www.autoscout24.ch/en/d/20416039,DODGE 1500,DODGE 1500,59850.0,05/2023,3.0,Petrol,45090.0,400.0,Automatic,-,All-wheel (4x4),Pick-up,Pickup,Used,,Yes,No,Yes,"From delivery, 12 months or 20'000 km Scan me for more information on",Asticher SA Garage & Carrosserie,0,0,5,images/35.webp,,5.44,6.0,6.39,9.06,8.62,1.2,9.1,6.57,10.0,74.8,70.2,79.6,Recommend
R36,real_autoscout24,real_market_sample,20042846,https://www.autoscout24.ch/en/d/20042846,FORD Ranger Raptor 2.0 Eco Blue PERFORMANCE 4x4 A,FORD Ranger Raptor 2.0 Eco Blue PERFORMANCE 4x4 A,31500.0,10/2019,6.58,Diesel,111900.0,213.0,Automatic,10.7 l/100 km,All-wheel (4x4),Pick-up,Pickup,Used,64690.0,Yes,No,Yes,"From delivery, 12 months or 20'000 km Schutz vor hohen Reparaturkosten im Schadenfall",Auto Center Baden GmbH,0,102,15,images/36.webp,,10.0,0.07,2.01,7.93,9.2,1.2,9.1,6.06,10.0,66.8,67.1,69.8,Recommend
R37,real_autoscout24,real_market_sample,12901987,https://www.autoscout24.ch/en/d/12901987,KGM-SsangYong Musso 2.2 Platinum 4WD Aut. inkl. AHK,"KGM-SsangYong Musso 2.2 Platinum 4WD Aut. inkl. AHK Vorführwagen, Toppreis inkl. Anhängerkupplung 3.5 Tonnen!",34840.0,02/2026,0.25,Diesel,6000.0,202.0,Automatic,9.1 l/100 km,All-wheel (4x4),Pick-up,Pickup,Demo vehicle,41840.0,Yes,No,Yes,"From 1st registration, 84 months or 100'000 km Description Hardtop, Rollo, und weiteres umfangreiches Zubehör auf Anfrage.",Garage Village AG,1,57,7,images/37.webp,,9.64,9.47,9.76,9.33,9.38,1.2,9.1,8.36,10.0,93.9,94.2,93.3,Strongly Recommend
R38,real_autoscout24,real_market_sample,12670722,https://www.autoscout24.ch/en/d/12670722,MAXUS T60 Max 2.0TDI 4x4 Automa T60 MAX mit 3'500 kg Anhängelast! vom offiz. Maxus-Partner mit 5 Jahren,MAXUS T60 Max 2.0TDI 4x4 Automa T60 MAX mit 3'500 kg Anhängelast! vom offiz. Maxus-Partner mit 5 Jahren Garantie,43132.0,New,0.05,Diesel,25.0,215.0,Automatic,-,All-wheel (4x4),Pick-up,Pickup,New,,No,No,Yes,"From 1st registration, 60 months or 160'000 km Description T60 MAX mit 3'500 kg Anhängelast! vom offiz. Maxus-Partner mit 5 Jahren Garantie",Auto Eberle AG,0,55,12,images/38.webp,,8.25,10.0,10.0,10.0,9.2,1.2,8.7,9.21,10.0,93.0,91.5,93.5,Strongly Recommend
R39,real_autoscout24,real_market_sample,12049039,https://www.autoscout24.ch/en/d/12049039,KGM-SsangYong GrandMusso 2.2Plat. 4WD A Grand Musso mit Tageszulassung und 3'500 kg Anhängelast! vom offiz. KGM-,KGM-SsangYong GrandMusso 2.2Plat. 4WD A Grand Musso mit Tageszulassung und 3'500 kg Anhängelast! vom offiz. KGM- Partner.,34990.0,12/2025,0.42,Diesel,1000.0,202.0,Automatic,-,All-wheel (4x4),Pick-up,Pickup,Demo vehicle,,No,No,Yes,"From 1st registration, 84 months or 150'000 km Description Grand Musso mit Tageszulassung und 3'500 kg Anhängelast! vom offiz. KGM-Partner.",Auto Eberle AG,0,58,7,images/39.webp,,9.62,9.91,9.55,8.64,7.58,1.2,8.7,9.41,10.0,90.0,92.0,88.0,Strongly Recommend
R40,real_autoscout24,real_market_sample,20476090,https://www.autoscout24.ch/en/d/20476090,DODGE 3500 Dually,DODGE 3500 Dually,25950.0,08/1998,27.75,Petrol,118000.0,300.0,Manual transmission,20 l/100 km,Rear-wheel drive,Pick-up,Pickup,Used,,Yes,No,No,Description Maximales Mass an Understatement auf 14 quadratmeter Automobil. Dieser Truck ist ein Spitzenprädator.,,0,0,8,images/40.webp,,10.0,0.0,0.0,6.21,6.87,4.75,7.4,6.05,9.58,52.0,55.3,51.9,Consider
R41,real_autoscout24,real_market_sample,20486255,https://www.autoscout24.ch/en/d/20486255,BMW M340i xDrive 48V Touring LCI2 Steptronic M Sport Pro,BMW M340i xDrive 48V Touring LCI2 Steptronic M Sport Pro LEASING AKTION ab 2.9% / INKL. GRATISSERVICE! / 8-FACH BEREIFT,62900.0,04/2025,1.08,Mild hybrid (petrol/electric),28900.0,385.0,Automatic,8.1 l/100 km,All-wheel (4x4),Station wagon,Hybrid,Used,111610.0,Yes,No,Yes,"From 1st registration, 36 months or 200'000 km BMW Garantie Schutz vor hohen Reparaturkosten",Dany`s Cars Autos der Extraklasse,42,73,16,images/41.webp,,4.93,7.43,8.74,9.98,9.8,1.2,9.1,7.05,10.0,82.6,76.0,88.0,Strongly Recommend
R42,real_autoscout24,real_market_sample,20487514,https://www.autoscout24.ch/en/d/20487514,PEUGEOT 208 1.2 MHEV 145 GT Aut. Panorama- Glasdach,"PEUGEOT 208 1.2 MHEV 145 GT Aut. Panorama- Glasdach Fahrzeug mit Werksgarantie, Panorama-Glasdach mit manueller Jalousie, Apple Car Play / Android Auto, Paket Safety",24900.0,New,0.05,Mild hybrid (petrol/electric),10.0,145.0,Automatic,-,Front-wheel drive,Compact car,Hybrid,New,32400.0,Yes,No,Yes,"From 1st registration, 24 months or 100'000 km Peugeot Werksgarantie Quality1",I.B.A. Automobile AG,4,99,14,images/42.webp,,10.0,10.0,10.0,10.0,10.0,1.2,9.5,8.85,10.0,98.2,98.2,97.6,Strongly Recommend
R43,real_autoscout24,real_market_sample,20491572,https://www.autoscout24.ch/en/d/20491572,AUDI A6 Avant 2.0 45 TFSI Sport quattro S- Tronic,AUDI A6 Avant 2.0 45 TFSI Sport quattro S- Tronic HEAD-UP * AUDI WERKSGARANTIE 5 JAHRE * PANORAMA * AHK VORBEREITUNG * MEMORY SITZ * LEDER * KAMERA * ACC * 8 FACH * AB SERVICE * AB MFK *,36900.0,11/2022,3.5,Mild hybrid (petrol/electric),36800.0,265.0,Automated manual (AMT),7.5 l/100 km,All-wheel (4x4),Station wagon,Hybrid,Used,101480.0,Yes,No,Yes,"From 1st registration, 60 months or 100'000 km Schutz vor hohen Reparaturkosten im Schadenfall",Autostelz AG,34,43,12,images/43.webp,,9.3,6.73,5.78,9.58,9.8,1.2,9.1,8.02,10.0,84.8,84.4,86.3,Strongly Recommend
R44,real_autoscout24,real_market_sample,20479077,https://www.autoscout24.ch/en/d/20479077,BMW X5 30d xDrive SAG,BMW X5 30d xDrive SAG,120900.0,New,0.05,Mild hybrid (diesel/electric),20.0,298.0,Automatic,7.2 l/100 km,All-wheel (4x4),SUV / Off-road,Hybrid,New,137500.0,Yes,No,No,Profitieren Sie beim Kauf eines BMW von höchster Qualität und Zuverlässigkeit,Binelli Automobile AG Filiale Zürich,59,68,11,images/44.webp,,0.0,10.0,10.0,10.0,7.72,1.2,8.4,5.68,10.0,75.7,65.0,83.5,Strongly Recommend
R45,real_autoscout24,real_market_sample,20466850,https://www.autoscout24.ch/en/d/20466850,AUDI SQ5 TFSI quattro S-tronic 5J Garantie - Luftfahrwerk - Panodach - Paket Tech Pro - 360Grad Kamera -,AUDI SQ5 TFSI quattro S-tronic 5J Garantie - Luftfahrwerk - Panodach - Paket Tech Pro - 360Grad Kamera - SONOS - HUD - Alle Assistenten - Dinamica Sitze uvm,86890.0,New,0.05,Mild hybrid (petrol/electric),10.0,367.0,Automated manual (AMT),-,All-wheel (4x4),SUV / Off-road,Hybrid,New,,Yes,No,Yes,"From 1st registration, 60 months or 100'000 km Audi Herstellergarantie 5 Jahre / 100'000km Leasing discount à partir de 2.8% - plus",SCHÖNI CARS AG,82,84,17,images/45.webp,,0.91,10.0,10.0,10.0,10.0,1.2,9.1,5.91,10.0,81.4,70.6,89.8,Strongly Recommend
R46,real_autoscout24,real_market_sample,20487912,https://www.autoscout24.ch/en/d/20487912,SKODA Elroq RS LOUNGE 4X4 *** ANHÄNGEKUPPLUNG - WÄRMEPUMPE & MAXX,SKODA Elroq RS LOUNGE 4X4 *** ANHÄNGEKUPPLUNG - WÄRMEPUMPE & MAXX AUSSTATTUNGSPAKET *** 4 JAHRE SKODA HERSTELLERGARANTIE,46400.0,05/2026,0.55,Electric,20.0,340.0,Automatic,-,All-wheel (4x4),SUV / Off-road,Electric,Used,,Yes,No,Yes,"From 1st registration, 48 months Schutz vor hohen Reparaturkosten im Schadenfall",*** GARAGE REUSSER AG ***,13,142,8,images/46.webp,semi-synthetic variant of similar listing; price adjusted by 2500 CHF and age slightly adjusted,7.7,10.0,9.39,10.0,9.47,1.2,9.1,8.87,10.0,92.1,89.8,93.4,Strongly Recommend
R47,real_autoscout24,real_market_sample,20475977,https://www.autoscout24.ch/en/d/20475977,POLESTAR 4 Long Range Dual Motor,POLESTAR 4 Long Range Dual Motor,53386.0,12/2024,1.92,Electric,12300.0,543.0,Automated manual (AMT),590 km,All-wheel (4x4),Sedan,Electric,Used,80450.0,Yes,No,Yes,"From 1st registration, 60 months Werksgarantie Unfortunately, equipment details are not currently available in your language. Try using your browser’s translate feature while we work on an update.",Stierli Autocenter AG,19,56,9,images/47.webp,semi-synthetic variant of similar listing; price adjusted by 2500 CHF and age slightly adjusted,6.53,8.91,7.71,9.84,9.55,1.2,9.1,7.42,10.0,85.9,82.4,89.0,Strongly Recommend
R48,real_autoscout24,real_market_sample,20479053,https://www.autoscout24.ch/en/d/20479053,BMW iX xDrive60,BMW iX xDrive60,130500.0,New,0.05,Electric,20.0,543.0,Automated manual (AMT),701 km,All-wheel (4x4),SUV / Off-road,Electric,New,155000.0,Yes,No,No,Seller Binelli Automobile AG Filiale Zürich Badenerstrasse 527 (beim Stadion,Binelli Automobile AG Filiale Zürich,47,63,9,images/48.webp,,0.0,10.0,10.0,10.0,7.55,1.2,8.4,5.74,10.0,75.4,64.8,83.2,Strongly Recommend
R49,real_autoscout24,real_market_sample,20475978,https://www.autoscout24.ch/en/d/20475978,POLESTAR 4 Long Range Single Motor Prime,POLESTAR 4 Long Range Single Motor Prime,55550.0,New,0.05,Electric,10.0,272.0,Automated manual (AMT),620 km,Rear-wheel drive,Sedan,Electric,New,71300.0,Yes,No,Yes,"From 1st registration, 60 months Werksgarantie Unfortunately, equipment details are not currently available in your language. Try using your browser’s translate feature while we work on an update.",Stierli Autocenter AG,2,54,8,images/49.webp,,6.17,10.0,10.0,10.0,10.0,1.2,9.1,7.68,10.0,90.9,86.4,94.0,Strongly Recommend
R50,real_autoscout24,real_market_sample,20491899,https://www.autoscout24.ch/en/d/20491899,HYUNDAI Kona EV 65.4 kWh Amplia -25% Rabatt / CH-Fahrzeug / Neuwagen / Neupreis CHF 50'650.- / Nur solange,HYUNDAI Kona EV 65.4 kWh Amplia -25% Rabatt / CH-Fahrzeug / Neuwagen / Neupreis CHF 50'650.- / Nur solange vorrat!,37900.0,New,0.05,Electric,1.0,217.0,Automatic,514 km,Front-wheel drive,SUV / Off-road,Electric,New,50650.0,Yes,No,Yes,"From 1st registration, 60 months 5 Jahre ohne KM-Begrenzung (ab 1. Inv.) & 8 Jahre / 160'000 km auf die Hochvoltbatterie",Gundeli-Garage AG,0,0,5,images/50.webp,,9.13,10.0,10.0,10.0,9.82,1.2,9.1,8.62,10.0,95.9,95.1,96.0,Strongly Recommend
R51,real_autoscout24,real_market_sample,20477335,https://www.autoscout24.ch/en/d/20477335,BMW iX2 30 xDrive,BMW iX2 30 xDrive,86350.0,New,0.05,Electric,20.0,313.0,Automated manual (AMT),479 km,All-wheel (4x4),SUV / Off-road,Electric,New,91850.0,Yes,No,No,Seller Binelli Automobile AG Filiale Zürich Badenerstrasse 527 (beim Stadion,Binelli Automobile AG Filiale Zürich,62,37,8,images/51.webp,,1.0,10.0,10.0,10.0,7.47,1.2,8.4,5.89,10.0,77.1,67.8,83.8,Strongly Recommend
R52,real_autoscout24,real_market_sample,20479034,https://www.autoscout24.ch/en/d/20479034,BMW iX2 30 xDrive,BMW iX2 30 xDrive,75900.0,New,0.05,Electric,20.0,313.0,Automated manual (AMT),479 km,All-wheel (4x4),SUV / Off-road,Electric,New,88000.0,No,No,No,Seller Binelli Automobile AG Filiale Zürich Badenerstrasse 527 (beim Stadion,Binelli Automobile AG Filiale Zürich,62,37,8,images/52.webp,,2.75,10.0,10.0,10.0,6.27,1.2,8.0,6.53,10.0,78.0,71.5,82.3,Strongly Recommend
R53,real_autoscout24,real_market_sample,20463113,https://www.autoscout24.ch/en/d/20463113,POLESTAR 4 Long Range Dual Motor Prime,POLESTAR 4 Long Range Dual Motor Prime,69990.0,New,0.05,Electric,10.0,543.0,Automated manual (AMT),590 km,All-wheel (4x4),Sedan,Electric,New,83000.0,Yes,No,Yes,"From 1st registration, 60 months Werksgarantie Unfortunately, equipment details are not currently available in your language. Try using your browser’s translate feature while we work on an update.",Stierli Autocenter AG,3,70,8,images/53.webp,,3.74,10.0,10.0,10.0,10.0,1.2,9.1,6.86,10.0,86.5,79.1,92.1,Strongly Recommend
R54,real_autoscout24,real_market_sample,20478814,https://www.autoscout24.ch/en/d/20478814,ZEEKR 7X 100kWh Privilege AWD Cockpit/Comfort Paket,"ZEEKR 7X 100kWh Privilege AWD Cockpit/Comfort Paket Aktion Leasing ab mtl. fr. 598.00/Cockpit Paket 36.2-Zoll-Head-Up-Display mit Augmented Reality ZEEKR Sound System: 21 Lautsprecher (2.160 W und 71.4 Dolby Sound) mit professioneller KI-Soundabstimmung Fahrer- Kopfstützenlautsprecher Luftqualität – DuftsystemComfort Paket Elektrische Vorder- und Hintertüren: elektrisches Öffnen und Schliessen, stufenloses Anhalten Sitzbelüftung Fahrer- und Beifahrersitz Massage Funktion Fahrer- und Beifahrer Vierfach elektrisch einstellbare Lendenwirbelstütze für den Beifahrersitz Elektrischer Sonnenschutz für die hinteren Seitenscheiben",57800.0,New,0.05,Electric,10.0,639.0,Automatic,543 km,All-wheel (4x4),Station wagon,Electric,New,,Yes,No,Yes,"From 1st registration, 120 months or 2'000'000 km 5-Jahres-/100.000-km-Garantie die um weitere 5 Jahre / 100.000 km verlängert werden kann",CM Automobile AG,9,75,9,images/54.webp,,5.79,10.0,10.0,10.0,10.0,1.2,9.1,8.11,10.0,90.2,85.2,93.7,Strongly Recommend
R55,real_autoscout24,real_market_sample,20484662,https://www.autoscout24.ch/en/d/20484662,"JEEP Avenger Summit Batteriegarantie 8 Jahre / 160'000km ab 1.INV | Uconnect/ Navigation/ 10.1""","JEEP Avenger Summit Batteriegarantie 8 Jahre / 160'000km ab 1.INV | Uconnect/ Navigation/ 10.1"" Touchscreen | Adaptiver Tempomat ACC | Apple Car Play/ Android Auto | DAB+ | Keyless Entry System | Spurhalteassistent LDW | Toter-Winkel-Warnsystem",26999.0,05/2025,1.0,Electric,3500.0,156.0,Automatic,410 km,Front-wheel drive,SUV / Off-road,Electric,Used,40690.0,Yes,No,Yes,"From 1st registration, 24 months or 100'000 km Herstellergarantie Beratung oder Besichtigung. Zögern Sie",Auto Bonau AG,1,56,12,images/55.webp,,10.0,9.69,8.84,9.75,9.8,1.2,9.1,8.72,10.0,95.1,95.6,94.4,Strongly Recommend
